Epoch,F1 dev,Acc dev,F1 test,Acc test
5,0.8810572687224669,0.963855421686747,0.9341989822775926,0.9540873460246361
10,0.9551622418879055,0.9799196787148594,0.9341989822775926,0.9540873460246361
15,0.9654969035682688,0.9839357429718876,0.9341989822775926,0.9540873460246361
20,0.9725582767778105,0.9859437751004017,0.9341989822775926,0.9540873460246361
25,0.9763872491145219,0.9859437751004017,0.9341989822775926,0.9540873460246361
30,0.9760991442903512,0.9839357429718876,0.9341989822775926,0.9540873460246361
35,0.9760991442903512,0.9839357429718876,0.9341989822775926,0.9540873460246361
40,0.9755089997049277,0.9839357429718876,0.9341989822775926,0.9540873460246361
