Batch Size,Learning Rate,PPL
128,0.0001,147.1345877993789
32,0.0001,131.3609468686603
64,0.0001,137.3643763729945
128,0.0005,132.7543081803049
32,0.0005,134.6674049456654
64,0.0005,132.86864627227806
128,0.001,130.97911303177236
32,0.001,135.27669915460217
64,0.001,133.7814613101932
128,0.005,140.72764428272637
32,0.005,147.04096849817785
64,0.005,143.96770032256688
128,0.01,153.09811980968666
32,0.01,168.61061222649252
64,0.01,160.82883487244357
