Epoch,F1 dev,Acc dev,F1 test,Acc test
5,0.928464531577372,0.9738955823293173,0.9466217414435184,0.9507278835386338
10,0.9681831697888789,0.9799196787148594,0.9466217414435184,0.9507278835386338
15,0.973325429756965,0.9839357429718876,0.9466217414435184,0.9507278835386338
20,0.975985769344797,0.9839357429718876,0.9466217414435184,0.9507278835386338
25,0.9783318492134163,0.9859437751004017,0.9466217414435184,0.9507278835386338
30,0.9765648175615546,0.9859437751004017,0.9466217414435184,0.9507278835386338
35,0.9768820391227031,0.9859437751004017,0.9466217414435184,0.9507278835386338
40,0.9771716572783872,0.9839357429718876,0.9466217414435184,0.9507278835386338
