Epoch,F1 dev,Acc dev,F1 test,Acc test
5,0.899761336515513,0.9718875502008032,0.9450821119547943,0.9440089585666294
10,0.9615156897572529,0.9819277108433735,0.9450821119547943,0.9440089585666294
15,0.9677037037037037,0.9839357429718876,0.9450821119547943,0.9440089585666294
20,0.9736452472608824,0.9819277108433735,0.9450821119547943,0.9440089585666294
25,0.9748446285883398,0.9859437751004017,0.9450821119547943,0.9440089585666294
30,0.9745411486086442,0.9859437751004017,0.9450821119547943,0.9440089585666294
35,0.9748446285883398,0.9839357429718876,0.9450821119547943,0.9440089585666294
40,0.9739798935541101,0.9859437751004017,0.9450821119547943,0.9440089585666294
