Epoch,F1 dev,Acc dev,F1 test,Acc test
5,0.9257616089914228,0.9698795180722891,0.9478890655361244,0.9608062709966405
10,0.968583283935981,0.9819277108433735,0.9478890655361244,0.9608062709966405
15,0.9760567543600355,0.9879518072289156,0.9478890655361244,0.9608062709966405
20,0.9763872491145219,0.9839357429718876,0.9478890655361244,0.9608062709966405
25,0.9796039018622525,0.9859437751004017,0.9478890655361244,0.9608062709966405
30,0.9787610619469026,0.9879518072289156,0.9478890655361244,0.9608062709966405
35,0.9790251107828657,0.9879518072289156,0.9478890655361244,0.9608062709966405
40,0.9793021880544055,0.9859437751004017,0.9478890655361244,0.9608062709966405
