Epoch,F1 dev,Acc dev,F1 test,Acc test
5,0.9161712247324614,0.9658634538152611,0.9553508150248051,0.9496080627099664
10,0.9590989922940131,0.9879518072289156,0.9553508150248051,0.9496080627099664
15,0.968583283935981,0.9799196787148594,0.9553508150248051,0.9496080627099664
20,0.9745411486086442,0.9879518072289156,0.9553508150248051,0.9496080627099664
25,0.9792284866468842,0.9899598393574297,0.9553508150248051,0.9496080627099664
30,0.9769503546099291,0.9919678714859438,0.9553508150248051,0.9496080627099664
35,0.9780935464772054,0.9819277108433735,0.9553508150248051,0.9496080627099664
40,0.9778172138420586,0.9879518072289156,0.9553508150248051,0.9496080627099664
