Epoch,F1 dev,Acc dev,F1 test,Acc test
5,0.9504598042123998,0.9738955823293173,0.939324252609234,0.9462486002239642
10,0.9671305892804264,0.9819277108433735,0.939324252609234,0.9462486002239642
15,0.9777909387029909,0.9819277108433735,0.939324252609234,0.9462486002239642
20,0.9775147928994082,0.9799196787148594,0.939324252609234,0.9462486002239642
25,0.9769094138543516,0.9819277108433735,0.939324252609234,0.9462486002239642
30,0.9801599052413384,0.9819277108433735,0.939324252609234,0.9462486002239642
35,0.9790002957704821,0.9819277108433735,0.939324252609234,0.9462486002239642
40,0.9798816568047336,0.9819277108433735,0.939324252609234,0.9462486002239642
45,0.9772256728778469,0.9779116465863453,0.939324252609234,0.9462486002239642
