Epoch,F1 dev,Acc dev,F1 test,Acc test
5,0.9484597156398104,0.9779116465863453,0.9456273095196199,0.9496080627099664
10,0.9739798935541101,0.9799196787148594,0.9456273095196199,0.9496080627099664
15,0.9769503546099291,0.9819277108433735,0.9456273095196199,0.9496080627099664
20,0.9784470032477118,0.9839357429718876,0.9456273095196199,0.9496080627099664
25,0.9804964539007093,0.9839357429718876,0.9456273095196199,0.9496080627099664
30,0.9802067946824223,0.9819277108433735,0.9456273095196199,0.9496080627099664
35,0.978145304193739,0.9839357429718876,0.9456273095196199,0.9496080627099664
40,0.9787610619469026,0.9859437751004017,0.9456273095196199,0.9496080627099664
