Batch Size,Learning Rate,PPL
128,0.01,218.4147881780148
32,0.01,152.06816460595638
64,0.01,180.13918463182566
128,0.1,130.87882469754533
32,0.1,128.41931122446294
64,0.1,127.8151647938424
128,0.5,127.10645752761312
32,0.5,134.81318857218824
64,0.5,130.61004446175582
128,1.0,130.6020608965865
32,1.0,144.96362138335877
64,1.0,135.08268797415988
128,1.2,132.0092061816602
32,1.2,148.2550120318427
64,1.2,137.46986992104118
