Batch Size,Learning Rate,Hid size,F1 score dev,Accuracy dev
128,0.0005,300,0.9638128861429832,0.9819277108433735
