Batch Size,Learning Rate,Hid size,F1 score dev,Accuracy dev
128,0.001,300,0.967950602763893,0.9799196787148594
