Batch Size,Learning Rate,Hid size,F1 score dev,Accuracy dev
128,0.001,300,0.9675324675324676,0.9819277108433735
