Epoch,F1 dev,Acc dev,Loss Train,Loss Dev,F1 test,Acc test
1,0.41296687808315724,0.9337349397590361,2.6376926336969646,0.955894261598587,0.47758590615733476,0.9720044792833147
2,0.4426136363636363,0.9759036144578314,0.7149409656013761,0.477890876121819,0.47758590615733476,0.9720044792833147
3,0.4661675377878231,0.9899598393574297,0.3945697292685509,0.3031525663100183,0.47758590615733476,0.9720044792833147
4,0.470287902425188,0.9919678714859438,0.2386920630931854,0.23213436477817595,0.47758590615733476,0.9720044792833147
5,0.47469162058698416,0.9899598393574297,0.1582028828561306,0.2147452726494521,0.47758590615733476,0.9720044792833147
6,0.4722576983113381,0.9939759036144579,0.12513218389025757,0.1700011728098616,0.47758590615733476,0.9720044792833147
7,0.4744702033850092,0.9919678714859438,0.10714810974895954,0.16510037751868367,0.47758590615733476,0.9720044792833147
8,0.4718139003853289,0.9899598393574297,0.08333601342248065,0.17542590206721798,0.47758590615733476,0.9720044792833147
