Epoch,F1 dev,Acc dev,Loss Train,Loss Dev,F1 test,Acc test
1,0.4129818594104308,0.9357429718875502,2.919768330029079,1.1239006780087948,0.477648499693815,0.973124300111982
2,0.44716821639898563,0.9738955823293173,0.8170104444026947,0.5467628575861454,0.477648499693815,0.973124300111982
3,0.459968825279864,0.9859437751004017,0.41665736394269126,0.3412112919613719,0.477648499693815,0.973124300111982
4,0.4679042085872184,0.9879518072289156,0.25762511172464914,0.2572672569658607,0.477648499693815,0.973124300111982
5,0.4707220011370097,0.9899598393574297,0.16592392836298261,0.1982914978871122,0.477648499693815,0.973124300111982
6,0.4790777113578138,0.9899598393574297,0.1191594483596938,0.17951791116502136,0.477648499693815,0.973124300111982
7,0.4750892219842969,0.9919678714859438,0.09417302704283169,0.1815627413452603,0.477648499693815,0.973124300111982
8,0.47397690004277776,0.9859437751004017,0.07661004343203136,0.18379418476251885,0.477648499693815,0.973124300111982
9,0.4766780432309443,0.9919678714859438,0.06548248013215406,0.15425004856660962,0.477648499693815,0.973124300111982
