Epoch,F1 dev,Acc dev,Loss Train,Loss Dev,F1 test,Acc test
1,0.43688223665631176,0.9618473895582329,2.0115777654307228,0.6958743222057819,0.47513908205841443,0.9764837625979843
2,0.4607566346696782,0.9799196787148594,0.5022329452846731,0.35978388763032854,0.47513908205841443,0.9764837625979843
3,0.4698214791725702,0.9819277108433735,0.26876355744898317,0.2784732055151835,0.47513908205841443,0.9764837625979843
4,0.47258818529536756,0.9879518072289156,0.17932413161865302,0.20310296292882413,0.47513908205841443,0.9764837625979843
5,0.46851457000710733,0.9879518072289156,0.11968739918832268,0.20307130791479722,0.47513908205841443,0.9764837625979843
6,0.46888320545609546,0.9899598393574297,0.0873838025810463,0.18184372753603384,0.47513908205841443,0.9764837625979843
7,0.47072232511753814,0.9939759036144579,0.0712533383364124,0.16688564943615347,0.47513908205841443,0.9764837625979843
