Epoch,F1 dev,Acc dev,Loss Train,Loss Dev,F1 test,Acc test
1,0.4468812304186841,0.9759036144578314,1.9099116587213107,0.5872176568955183,0.474958482650118,0.9720044792833147
2,0.462897023216066,0.9799196787148594,0.45362857138471946,0.34857853315770626,0.474958482650118,0.9720044792833147
3,0.4697529111047998,0.9939759036144579,0.2622544131108693,0.23611262044869363,0.474958482650118,0.9720044792833147
4,0.47661152310325156,0.9879518072289156,0.17363478815449135,0.20537743397289887,0.474958482650118,0.9720044792833147
5,0.47477913935594185,0.9879518072289156,0.12729239385308963,0.18694327073171735,0.474958482650118,0.9720044792833147
6,0.4753516124449496,0.9959839357429718,0.08897909032446998,0.1542255349631887,0.474958482650118,0.9720044792833147
7,0.4686562901613594,0.9919678714859438,0.07139818339076426,0.15441440849099308,0.474958482650118,0.9720044792833147
