Epoch,F1 dev,Acc dev,Loss Train,Loss Dev,F1 test,Acc test
1,0.42520795150148033,0.9598393574297188,2.2322649478912355,0.7997439987957478,0.4820458924505167,0.9787234042553191
2,0.4555461473327688,0.9799196787148594,0.5927021077701023,0.3991091139614582,0.4820458924505167,0.9787234042553191
3,0.46754348748408997,0.9839357429718876,0.32464832833835056,0.2818321017548442,0.4820458924505167,0.9787234042553191
4,0.4670353041259039,0.9899598393574297,0.19884986515556063,0.22207239968702197,0.4820458924505167,0.9787234042553191
5,0.4693674484719261,0.9859437751004017,0.15350708168532168,0.18195157358422875,0.4820458924505167,0.9787234042553191
6,0.4753375977256574,0.9939759036144579,0.10144343131354877,0.16365842579398304,0.4820458924505167,0.9787234042553191
7,0.4722775092408302,0.9919678714859438,0.08032112440892629,0.1788489039754495,0.4820458924505167,0.9787234042553191
8,0.47013542409123305,0.9939759036144579,0.06555665832545077,0.14572758215945214,0.4820458924505167,0.9787234042553191
9,0.47518539646320596,0.9919678714859438,0.05064332064773355,0.1398432007408701,0.4820458924505167,0.9787234042553191
