Epoch,F1 dev,Acc dev,Loss Train,Loss Dev,F1 test,Acc test
1,0.4471153846153847,0.963855421686747,1.5296651157949652,0.5261535150930285,0.4782457361642881,0.9787234042553191
2,0.46275842537524775,0.9899598393574297,0.3757639481020825,0.2813972949516028,0.4782457361642881,0.9787234042553191
3,0.46536209112983856,0.9899598393574297,0.21168073937296866,0.19980935245985165,0.4782457361642881,0.9787234042553191
4,0.47160950619040837,0.9919678714859438,0.13093815904908945,0.1912500561447814,0.4782457361642881,0.9787234042553191
5,0.47640835001429793,0.9919678714859438,0.10861791421526244,0.16416166340059135,0.4782457361642881,0.9787234042553191
6,0.4729710454999287,0.9939759036144579,0.08171643469083523,0.15620957349892706,0.4782457361642881,0.9787234042553191
7,0.4741098028089091,0.9899598393574297,0.0561148816320513,0.17344964778749272,0.4782457361642881,0.9787234042553191
8,0.4725570841015459,0.9919678714859438,0.055608273590249675,0.15694696360151283,0.4782457361642881,0.9787234042553191
