Epoch,F1 dev,Acc dev,Loss Train,Loss Dev,F1 test,Acc test
1,0.44244046780329715,0.9196787148594378,2.385212538923536,0.8329149931669235,0.4771671487422211,0.9742441209406495
2,0.46613545816733065,0.9718875502008032,0.551370806992054,0.36941943876445293,0.4771671487422211,0.9742441209406495
3,0.4690581677861941,0.9939759036144579,0.2753388487866947,0.21487439540214837,0.4771671487422211,0.9742441209406495
4,0.4667719247882876,0.9899598393574297,0.16712900224540914,0.19151568529196084,0.4771671487422211,0.9742441209406495
5,0.47305728871242203,0.9859437751004017,0.11738147214055061,0.19023201172240078,0.4771671487422211,0.9742441209406495
6,0.4802058024867801,0.9859437751004017,0.07737186275688665,0.1827929929131642,0.4771671487422211,0.9742441209406495
7,0.47669280114041335,0.9919678714859438,0.06348761502387268,0.16784379194723442,0.4771671487422211,0.9742441209406495
8,0.47358678627367223,0.9959839357429718,0.054997078462370806,0.14176243008114398,0.4771671487422211,0.9742441209406495
9,0.47673586256263417,0.9939759036144579,0.03934007002306836,0.15364271099679172,0.4771671487422211,0.9742441209406495
