Epoch,F1 dev,Acc dev,Loss Train,Loss Dev,F1 test,Acc test
1,0.45202198111878267,0.9698795180722891,1.5906707154853004,0.4974117409437895,0.47316519766122694,0.975363941769317
2,0.4648326715825297,0.9879518072289156,0.3655764203518629,0.28505265072453767,0.47316519766122694,0.975363941769317
3,0.4697833523375143,0.9939759036144579,0.19312484865742072,0.18946226761909202,0.47316519766122694,0.975363941769317
4,0.4733390362132877,0.9919678714859438,0.13742991595395973,0.17771583338617347,0.47316519766122694,0.975363941769317
5,0.4763124199743918,0.9799196787148594,0.11006465105206839,0.19876689212105703,0.47316519766122694,0.975363941769317
6,0.4704538966600057,0.9839357429718876,0.08519311204020466,0.19178229401586577,0.47316519766122694,0.975363941769317
7,0.4686695278969957,0.9899598393574297,0.061512531506429824,0.15867315068317112,0.47316519766122694,0.975363941769317
8,0.4718269778030734,0.9919678714859438,0.05841229977418801,0.15539564648497617,0.47316519766122694,0.975363941769317
