Epoch,F1 dev,Acc dev,Loss Train,Loss Dev,F1 test,Acc test
1,0.44372537985368593,0.9618473895582329,1.8109503318156515,0.5963613148778677,0.47643112311579683,0.973124300111982
2,0.4589700056593096,0.9859437751004017,0.43393324496490615,0.3203188246116042,0.47643112311579683,0.973124300111982
3,0.46624203821656046,0.9819277108433735,0.2450080386229924,0.28565097984392196,0.47643112311579683,0.973124300111982
4,0.4732673267326732,0.9919678714859438,0.16061141823551484,0.16983396071009338,0.47643112311579683,0.973124300111982
5,0.4764070494599204,0.9859437751004017,0.10935453078709542,0.17777333958656527,0.47643112311579683,0.973124300111982
6,0.4725010603704227,0.9919678714859438,0.08481738719690059,0.19149614158959594,0.47643112311579683,0.973124300111982
7,0.47166878620884556,0.9899598393574297,0.06921253746508488,0.17943872036994435,0.47643112311579683,0.973124300111982
8,0.4738933030646993,0.9899598393574297,0.04927301411516964,0.1793193058038014,0.47643112311579683,0.973124300111982
