Epoch,F1 dev,Acc dev,Loss Train,Loss Dev,F1 test,Acc test
1,0.43357829282080274,0.9618473895582329,2.2212619968823026,0.7587675768882036,0.4711775043936731,0.9776035834266518
2,0.4533560864618885,0.9839357429718876,0.5533751875162125,0.37548421043902636,0.4711775043936731,0.9776035834266518
3,0.4683328599829594,0.9899598393574297,0.29693631487233296,0.26415472757071257,0.4711775043936731,0.9776035834266518
4,0.4672737620944793,0.9759036144578314,0.18177859165838786,0.26594814471900463,0.4711775043936731,0.9776035834266518
5,0.46646646646646645,0.9819277108433735,0.13869660086929797,0.22043805557768792,0.4711775043936731,0.9776035834266518
6,0.46572205524545585,0.9879518072289156,0.11159530409744807,0.18123604671563953,0.4711775043936731,0.9776035834266518
