Epoch,F1 dev,Acc dev,Loss Train,Loss Dev,F1 test,Acc test
1,0.8667048054919908,0.9578313253012049,1.3018913032753128,0.420768165262416,0.9409022806725487,0.9708846584546472
2,0.9232954545454546,0.9779116465863453,0.3096039129687207,0.2280297951074317,0.9409022806725487,0.9708846584546472
3,0.9406444318824194,0.9879518072289156,0.16392138105418,0.1645158352330327,0.9409022806725487,0.9708846584546472
4,0.9517867271695973,0.9839357429718876,0.1347077123022505,0.1446672558085993,0.9409022806725487,0.9708846584546472
5,0.9607011591744417,0.9879518072289156,0.08938948555317308,0.12442073642159812,0.9409022806725487,0.9708846584546472
6,0.9692657939669892,0.9819277108433735,0.07424589001706668,0.13866930949734524,0.9409022806725487,0.9708846584546472
7,0.9621040723981901,0.9899598393574297,0.06110434508882463,0.10409166938916314,0.9409022806725487,0.9708846584546472
8,0.9687144482366324,0.9899598393574297,0.04924555747503681,0.1172021150123328,0.9409022806725487,0.9708846584546472
9,0.9665343165059557,0.9899598393574297,0.039543083253582675,0.10176020563812926,0.9409022806725487,0.9708846584546472
