Batch Size,Learning Rate,Dropout,F1 score dev,Accuracy dev,Test F1,Test Acc
128,9e-05,0.1,0.9772985244040863,0.9919678714859438,0.9436290860573715,0.9764837625979843
