Batch Size,Learning Rate,Hid size,Dropout,F1 score dev,Accuracy dev,Test F1,Test Acc
128,9e-05,200,0.1,0.9746799431009957,0.9939759036144579,0.9379264436678315,0.9776035834266518
