Batch Size,Learning Rate,Hid size,Dropout,F1 score dev,Accuracy dev,Test F1,Test Acc
128,9e-05,200,0.1,0.47534013605442177,0.9959839357429718,0.47563420800278966,0.9720044792833147
